utc_ts_open,utc_ts_close,symbol,direction,entry_price,exit_price,volume_units,pnl_ccy,pnl_r,decision_id,schema_version,config_hash,data_version
2025-01-02T00:15:00Z,2025-01-02T00:45:00Z,EURUSD,BUY,1.10160,1.10440,1000,2.80,0,M0-EURUSD-01,1.3.0,0F3E279460381A76F61A45F60117A238858BFD9DA5D1653198A68E25CE426B0F,C531EDAA1B2B3EB9286B3EDA98B6443DD365C1A8DFEA2AFB4B77FC7DDD1D6122
2025-01-02T00:15:00Z,2025-01-02T00:45:00Z,USDJPY,BUY,145.160,145.440,1000,280.00,0,M0-USDJPY-01,1.3.0,0F3E279460381A76F61A45F60117A238858BFD9DA5D1653198A68E25CE426B0F,C531EDAA1B2B3EB9286B3EDA98B6443DD365C1A8DFEA2AFB4B77FC7DDD1D6122
2025-01-02T00:15:00Z,2025-01-02T00:45:00Z,XAUUSD,BUY,2001.60,2004.40,1,2.80,0,M0-XAUUSD-01,1.3.0,0F3E279460381A76F61A45F60117A238858BFD9DA5D1653198A68E25CE426B0F,C531EDAA1B2B3EB9286B3EDA98B6443DD365C1A8DFEA2AFB4B77FC7DDD1D6122
2025-01-02T01:15:00Z,2025-01-02T01:45:00Z,EURUSD,SELL,1.10740,1.11060,1000,-3.20,0,M0-EURUSD-02,1.3.0,0F3E279460381A76F61A45F60117A238858BFD9DA5D1653198A68E25CE426B0F,C531EDAA1B2B3EB9286B3EDA98B6443DD365C1A8DFEA2AFB4B77FC7DDD1D6122
2025-01-02T01:15:00Z,2025-01-02T01:45:00Z,USDJPY,SELL,145.740,146.060,1000,-320.00,0,M0-USDJPY-02,1.3.0,0F3E279460381A76F61A45F60117A238858BFD9DA5D1653198A68E25CE426B0F,C531EDAA1B2B3EB9286B3EDA98B6443DD365C1A8DFEA2AFB4B77FC7DDD1D6122
2025-01-02T01:15:00Z,2025-01-02T01:45:00Z,XAUUSD,SELL,2007.40,2010.60,1,-3.20,0,M0-XAUUSD-02,1.3.0,0F3E279460381A76F61A45F60117A238858BFD9DA5D1653198A68E25CE426B0F,C531EDAA1B2B3EB9286B3EDA98B6443DD365C1A8DFEA2AFB4B77FC7DDD1D6122
